word,frequency
recipe,4
foodiesofinstagram,8
kathal,1
kathalrecipe,1
foodporn,11
foodies,1
recipeoftheday,5
foodstylist,4
foodlover,9
foodpics,5
indianfood,28
indiaclicks,1
yourfoodlab,5
sanjyotkeer,7
indiancuisine,4
streetfood,13
dahivada,2
yummyfood,2
DigSwirlSpread,1
EpigamiaGheeSpread,1
thandai,2
thandairecipe,2
holifestival,2
holi,4
holicelebration,2
chocolate,2
mango,3
mangoseason,2
summerseason,2
recipevideo,3
gheeroast,2
foodphotography,3
foodstagram,4
streetfoodlover,2
egg,1
eggcurry,1
eggs,1
egglover,1
goanrecipes,1
goanfood,1
burger,1
burgerlove,1
burgertime,1
burgerlover,1
vegburger,1
vegrecipesofindia,1
vegetarian,1
rajma,1
burgers,1
foodieincarnate,10
reelitfeelit,2
reelkarofeelkaro,2
reels,2
reelsinstagram,2
coconut,1
delhifoodie,8
indore,3
madhyapradesh,2
desifood,3
delhi,8
newdelhi,5
sodelhi,7
foodtalkindia,14
delhigram,5
mangoshake,1
mangojuice,1
mangos,1
mangoes,1
bangalorefood,1
bangalorefoodies,1
indianfoodie,5
streetfoodindia,5
indianfoodbloggers,7
kolkatafood,1
indianstreetfood,5
lassi,1
bananashake,1
smoothie,1
desikhana,6
southindianfood,6
goodfoodindia,6
delhifoodbloggers,3
delhifoodblog,1
lbbbangalore,1
nammabengaluru,1
delhifoodblogger,5
foodgasm,4
foodpornshare,4
foodgram,4
foodie,5
delhistreetfood,4
mumbaistreetfood,4
foodblogger,7
indianfoodblogger,5
delhifood,5
mumbai,4
jalebi,1
dabeli,1
gujarati,1
gujjugram,1
cheese,4
gujaratifood,1
radisson,1
radissonblu,1
amarsirohi,1
delhibloggers,1
staycation,1
meerutblogger,1
mawana,1
staycations,2
foodbloggers,1
lifestyleblogger,1
delhiblogger,1
mumbaiblogger,1
kolkatablogger,1
bangaloreblogger,1
noida,1
greaternoida,1
hotelblogger,1
indianhotels,1
delhihotels,1
animallover,1
animallove,1
uttarakhand,1
gur,1
uttarpradesh,1
gujiya,1
bhaang,1
sandwich,1
sandwiches,1
mayonnaise,1
cheesesandwich,1
indorefood,1
DFWineBikaner,5
DFWinRajasthan,5
BikanerFoodTour,5
FoodTour,5
FoodWalks,5
TravelforFood,5
Bikanerstreetfood,5
walkwithanubhav,6
dehradun,1
nonveg,1
chikentikka,1
pahadichicken,1
pahadikebab,1
walkwithdfw,1
streetfoodstories,1
newvideoalert,2
foodtour,2
foodwalk,2
dwarka,2
streetsofdelhi,2
lovlyüëè,1
BikanerFood,4
Bikanericuisine,4
happyholi,2
festivalofcolours,2
festivetreats,2
orderfoodwithFOSA,1
WhatsApp9007500902,1
orderfoodviawhatsapp,1
gramercytavern,1
food,7
oysters,1
oystersrockefeller,1
cheers,1
champagne,1
nycfood,9
unionsquare,1
weekend,1
nycfoodie,8
osteriamorini,1
manhattan,1
eatlocal,2
yummy,4
pasta,2
eat,3
6lbs,2
chickenwings,1
chicken,1
friedchicken,1
yum,2
supportlocal,2
saverestaurants,1
auzaatar,1
mediterraneanfood,1
mezze,1
zaatar,1
macandcheese,1
thesmith,1
hotcrossbuns,1
easter,1
ceremonia,1
bakeshop,1
nyc,2
mozzarella,1
mozzarellasticks,1
rsc,1
roebling,1
sunday,1
spread,1
brunch,1
sundayinbrooklyn,1
brooklyn,1
passover,1
mpnewyork,1
mpgrocery,1
brisket,1
family,1
happypassover,1
nycfoodgals,1
baconeggcheese,1
bec,1
hhbagels,1
uppereastside,1
bagel,1
healthy,12
tasty,10
recipes,10
sailusfood,10
simplefood,3
thali,2
andhrafood,2
telugufood,2
andhracuisine,2
healthyfood,2
healthyliving,2
lunch,2
lunchideas,2
homecooking,2
andhra,2
flavorsofindia,2
authenticfood,3
ammacooking,2
traditional,2
indiankitchen,2
walkwithindia,9
ilovetoeat,2
eattherainbow,4
comfortfood,12
soulfood,8
indiafood_lovers,2
breakfast,2
idli,2
podiidli,1
veganfoodshare,4
idlilove,2
idlipodi,1
breakfastlover,4
breakfastofchamps,5
foodielife,2
ndtv_food,6
southindianbreakfast,4
healthybreakfast,3
foodblogfeed,3
whatiate,3
onmytable,3
breakfastclub,3
healthyish,2
yummyinmytummy,8
northindianfood,5
lbreakfast,1
aloosabji,1
breakfastoftheday,4
ilovecooking,1
dilsefoodie,2
delhifoodies,2
happinessishomemade,3
thefeedfeed,5
huffposttaste,4
kitchenstories,3
vegetarianfoodshare,3
fbci_official,2
delhidiaries,2
truecooks,3
onmyplate,3
tomatokurma,1
glutenfreeindia,3
traditionalfood,1
aurhenticfood,1
glutenfreevegan,2
dosa,1
dosai,1
tiffinsofindia,1
chutney,1
yahoofood,1
tiffin,1
dosalove,1
homechef,1
foodiesofindia,2
bestbreakfastever,1
punjabifood,2
matarpaneer,1
roti,1
matar,1
greenpeas,1
ontheplate_project,2
latergram,1
batura,1
cholebhature,1
tasteofindia,1
breakfastspecial,1
whatsforbreakfast,1
nomnom24x7,1
appam,1
vegetablestew,1
keralafood,1
thefoodfeed,2
lovemyfood,1
paalpoli,1
milkpoli,1
milkpuri,1
dessert,1
southindiansweet,1
foodblog,1
instafoodie,1
sodelicious,1
ontheblog,1
foodgawker,1
f52grams,1
buzzfeedfood,1
diwali,1
krishnashtami,1
bhogi,1
feedfeed,1
indiandessert,1
beautifulcuisines,1
indiansweets,1
indiancooking,1
traditionalsweets,1
indianfestivalrecipes,1
